Date,Post Type,full_text,Video Thumbnail,Image,Like,Retweet,Reply
2023-12-12T16:03:51.000Z,image,"प्रतिनिधिसभा र रास्ट्रीयसभाको टिमबिच मैत्रीपूर्ण फुटबलको रोमाञ्चक अनुभव ! आज मंसिर २६ गते l

टिम क्याप्टेन प्रतिनिधिसभाको सभामुख देवराज घिमिरे र रास्ट्रीयसभाको अध्यक्ष गणेशप्रसाद तिमिल्सिना l `टिम स्पिरिट´ को भावना l भिन्न मजा, भिन्न अनुभुती l",,"https://pbs.twimg.com/media/GBKOCTlbkAAmWkS?format=jpg&name=small,https://pbs.twimg.com/media/GBKOCf3bcAAPpIh?format=jpg&name=small,https://pbs.twimg.com/media/GBKOCrjaYAAKaOt?format=jpg&name=900x900,https://pbs.twimg.com/media/GBKOC-GboAA_PLy?format=jpg&name=small",122,14,15
2023-12-12T12:12:43.000Z,video,"क्रमशः धुन बजाउँदै गुरु, `सुर´ चिन्दै र सुनाउँदै शिष्य !

बाबु शिर्षकप्रकाशको संगीत अध्ययनको एक छोटो परिक्षा ! आदरणीय गुरु प्रभुराज ढकालसँग l
Good बाबू, Go ahead...",,https://pbs.twimg.com/ext_tw_video_thumb/1734546776575836160/pu/img/8DLtoP9DgDIOvH_g.jpg,169,7,8
2023-12-06T21:08:31.000Z,image,"#Ncell ले `पुँजिगत लाभकर´ नतिर्ने प्रपन्च गर्दा त्यो बेला हामीले अघि बढाएको अभियानको नाम थियोे- #No_Tax_No_Ncell l दबाब र मुद्दापछि अन्ततः उ झुक्न बाध्य भयो !

अहिलेको प्रकरणमा सरकार र दलहरू कठोर हुन जरुरी l जनदबाबको स्वतस्फूर्त साथ फेरिपनी साथमा हुनेछ l

 त्यो बेलाको एक #तस्वीर",,https://pbs.twimg.com/media/GAsaOuIXkAA6_Jt?format=jpg&name=medium,29,2,4
2023-12-06T21:05:14.000Z,text,"बाह्य लगानीलाई नेपालमा सहज वातावरण नरहेको आक्षेप खारेज गर्न संगठित पहल गरौं l अत्यावश्यक ऎन संशोधन र परिमार्जन गरेर कार्यान्वयनमा नल्याउनुको कमजोरी आत्मसात गर्दै जवाफदेहीपुर्ण ढंगले कार्य गरौं l

बाह्य लगानीको थप सुरक्षीत वातावरण निर्माण गर्दै सकारात्मक सन्देश सम्प्रेषण गरौं l",,,17,,3
2023-12-06T21:03:54.000Z,text,"६ बर्षपछि सरकारको स्वामित्वमा आउन लागेको #Ncell को `खरिदबिक्री´ शंकास्पद छ l यसलाई रोकेर यो `अपार करछलि´को गहिरो अनुसन्धान जरुरी छ !

अनियमितता विरुद्ध सम्पुर्ण एकताको दृस्टीसाथ,
सरकार, प्रतिपक्ष, प्रेस र नागरिक सम्पुर्ण रुपले एकढिक्का उभिने संकेत सकारात्मक छ l",,,221,42,45
2023-11-22T18:31:49.000Z,text,"निरंकुशतामा निरंकुशता विरुद्ध प्रदर्शन गर्न पाइन्न थियो,किनकि त्यो निरंकुशता थियो l लोकतन्त्रमा लोकतन्त्रको पनि विरोधमा प्रदर्शन गर्न पाइन्छ, किनकि यो लोकतन्त्र हो !

एकदर्जन प्रदर्शन एकसाथ गर्न मिल्छ,गरौं l
तर संयम राखौं l परिपक्व अनि जिम्मेवार व्यवहार प्रस्तुत गरौं l जय नेपाल !",,,515,82,152
2023-11-16T06:46:12.000Z,text,"सरकारको कुनै कामको समर्थन विपक्षले गर्नसक्छ,
कुनै कामको विरोध सत्तापक्ष भित्रैबाट हुनसक्छ, लोकतन्त्रमा व्यक्तिको विवेक सबै सत्ताभन्दा सर्वोपरि हुन्छ l

सरकार र पार्टी दुई अलग अस्तित्व हुन्, बुझ्नेलाई श्रीखण्ड, नबुझ्नेलाई खुर्पाको बिँड l जय नेपाल !",,,410,77,119
2023-11-15T12:02:53.000Z,image,"प्रस्तुत `डिजाइन´ मा हामीले निर्माण गरेको `मोडल´ तपाईंलाई काम लाग्नसक्छ l

२ दक्ष मिस्त्री,९ स्वयंसेवक,समय ६ घण्टा l लागत ३५ देखि ४० हजार रुपैयाँ l केही आदरणीय साथिले अस्थायी टहरा बनाउन राख्नुभएको जिज्ञासाका कारण यो विवरण पोस्ट गरेको छु l

#मानवताको_सेवा_जीवनको_सर्वोत्तम_कार्य",,"https://pbs.twimg.com/media/F--T7P5bQAA0Y7z?format=jpg&name=small,https://pbs.twimg.com/media/F--T80-bkAA4D3F?format=jpg&name=900x900,https://pbs.twimg.com/media/F--T9CIbYAEaydk?format=jpg&name=small,https://pbs.twimg.com/media/F--T9tBb0AA-NQm?format=jpg&name=900x900",198,38,27
2023-11-13T10:27:49.000Z,text,"आज #टिकटक बन्द, भोलि फेसबुक बन्द, पर्सि कसैले भनिदेला लोकतान्त्रिक शासन प्रणालीले देश बिग्रीयो भनेर तब के गर्ने लोकतान्त्रिक प्रणालीनै भंग गरिदिने  ?

सरकार स्पष्ट होस्, राज्यले `स्वच्छन्दता´ नियन्त्रण गर्ने हो `स्वतन्त्रता´ नियन्त्रण गर्ने होइन !",,,66,14,14
2023-11-13T09:42:54.000Z,text,"टिकटक मनोरञ्जनको साझा स्टेज बनेको छ l कलाकार जन्माएको छ l Live बाट कयौंले कमाएका छन् l व्यवसाय प्रवर्द्धन गरेका छन् l
कयौंले सकारात्मक सम्प्रेषण गरेका छन् l

दुरुपयोग जो जसले गरे, तिनलाई निरुत्साहित र नियन्त्रणको कडा बिधि बनाउ l तर टिकटक बन्दको निर्णय अविलम्ब फिर्ता लेउ !",,,83,24,19
2023-11-13T09:36:25.000Z,text,"सामाजिक-धार्मिक सहिष्णुताको रक्षा समाजको आत्मानुशासन र सरकारको शुसासनले हुने हो l सामाजिक संजाललाई आत्मानुशासनमा कसरी ल्याउने, खुला छलफल गरौं, तार्किक निष्कर्ष पहिल्याऔँ र पालना गरौं !

प्रश्नको मुहान बन्द गरेर सहि जवाफ खोज्न सकिन्न सरकार l टिकटक बन्दको निर्णय अविलम्ब फिर्ता गर l",,,60,9,4
2023-11-13T09:10:59.000Z,text,"गर्धनमा पिलो आयो भने गर्धननै काट्ने  ? कि जोखिम रहित उपचार खोज्ने ?

द्वेष फैलाउनेलाई पहिचान गर, नियम बनाइ बन्द गर, No comment l तर एउटा बिराउने साह्रा पिराउने ढंगले समग्र टिकटक बन्द गर्ने सोच अलोकतान्त्रिक छ l यो निर्णय अविलम्ब फिर्ता होस् l",,,455,95,119
2023-11-11T15:58:16.000Z,video,"हामीले शुरु गर्‍यौं `#१०००_टहरा_अभियान´ !

मंसिर मसान्तभित्र हजारौं अस्थायी टहरा बनाइसक्न जरुरी छ, जाजरकोट र पश्चिम् रुकुमका भुकम्प पीडितका लागि !

स्थायी घर बनाउन लाग्ने समयसम्मका लागि आउनोस् अस्थायी टहरा निर्माणमा जुटौं l राजनैतिक विवाद पछि गरौंला, अहिले मानवताको सेवामा जुटौं !",,https://pbs.twimg.com/ext_tw_video_thumb/1723368355006988288/pu/img/6Aybkd7nQb0HnU33.jpg,692,107,170
2023-11-04T04:47:28.000Z,image,"उद्धार, राहत  र पुनर्स्थापनाका लागि सरकारको कोषमा नेपाली काँग्रेसका तर्फबाट ५०,००,०००।–  (पचास लाख) उपलब्ध गराउने निर्णय गरिएको छ l

स्वदेश र विदेशमा रहेका सबैलाई तन, मन र धनका साथ खुला हृदयले मानवीय सेवाको अभियानमा जुट्न नेपाली काँग्रेस हार्दिक अपील गर्दछ l",,https://pbs.twimg.com/media/F-EG0EcagAAtTdv?format=jpg&name=medium,250,59,50
2023-09-19T05:35:44.000Z,text,"दलहरुमा फरक विचार र विचार समुह हुनु स्वभाविक हो l काँग्रेसमा पनि छ / छन् l यो अभ्यासलाई हार्दिक ढंगले लिइनुपर्छ !

तर अहिलेको समय महासमितिबाट निति, गति र मति उपर साझा दृस्टी निर्माणको समय हो l यो कर्ममा महामन्त्रीले संयोजन र सम्पादन गर्नुपर्ने जरुरी बिषयहरुप्रती सजग छु / रहनेछु l",,,52,6,7
2023-09-19T05:31:41.000Z,text,"* पार्टी पंक्तिमा उर्जा l
* नागरिकको वितृष्णा चिर्दै नवीन विश्वास l
* ०८२ मा महाधिवेशन सुनिश्चितता l
* समय चेत बुझ्न र हाँक्न सक्ने सभापति र अबको प्रधानमन्त्री l

काँग्रेसमा विचार समुहहरु र सिंगो संस्थाले विमर्शको केन्द्र यसैलाई बनाएर सार्थक बहस र तार्किक निष्कर्ष क्रमश खोज्नुछ l",,,60,10,3
2023-09-18T09:52:24.000Z,image,"असोज ३ गते बिहान १०.३० बजे !

#बिपि_साहित्य_महोत्सव को तेस्रो र अन्तिम दिनको कार्यक्रम l उत्साहवर्धक सहभागिताका लागि सबैलाई सादर निमन्त्रणा l",,https://pbs.twimg.com/media/F6TJ4isagAA1p2_?format=jpg&name=medium,79,12,1
2023-09-18T07:51:37.000Z,image,"#बिपि_साहित्य_महोत्सव को तेस्रो दिनको स्थगित कार्यक्रम असोज ३ गते संविधान दिवसका दिन हुने l

भदौ २४ र २५ मा झैं उत्साहवर्धक सहभागिताका लागि सबैलाई हार्दिक निमन्त्रणा !",,https://pbs.twimg.com/media/F6SuPfQakAAFxWb?format=jpg&name=medium,102,18,3
2023-09-16T08:24:47.000Z,image,"नेपाली काँग्रेस झापा १ को क्षेत्रीय सम्मेलन भब्य र सभ्य ढंगले चलिरहेको छ ! ३० भदौ, ०८० l

उत्साह, एकता र रुपान्तरणको भावना यो भूगोलमा बलियो ढंगले विकसित भइरहेको अनुभुती l",,"https://pbs.twimg.com/media/F6IinoCawAA7kVk?format=jpg&name=small,https://pbs.twimg.com/media/F6IioRIaYAAl4Q2?format=jpg&name=small,https://pbs.twimg.com/media/F6Iio0AaQAAhbUc?format=jpg&name=900x900,https://pbs.twimg.com/media/F6IipXza4AAFwr1?format=jpg&name=900x900",164,13,21
2023-09-14T12:42:39.000Z,image,"ढाकाको टोपी र एउटा गम्छा लगाइदिएर श्रद्धाले ढोगें, १०० बर्षिय यी पिता जुगेश्वर महतोलाई l

#पिताको_मुख_हेर्ने_पर्व का दिन महोत्तरी जिल्लाको बिजलपुरामा उहाँको आँगनमा पुगेर श्रद्धा प्रकट गर्दा सन्तोषको अनुभुती भयो l आफ्नो स्वर्गीय पिताको सम्झना, हाम्रो समाजका सबै पितालाई शुभकामना !",,"https://pbs.twimg.com/media/F5_KeSyaoAAdo8d?format=jpg&name=small,https://pbs.twimg.com/media/F5_KetibwAAK7IG?format=jpg&name=small,https://pbs.twimg.com/media/F5_KfCqbsAAtr07?format=jpg&name=small,https://pbs.twimg.com/media/F5_KfeSakAA2Rcm?format=jpg&name=small",140,6,7
2023-09-12T13:27:43.000Z,image,"`कोटेश्वरको केटो´ लाई हार्दिक श्रद्धाञ्जली !

कोटेश्वरको `कथा´ कोर्ने  कथाकार राजेन्द्र पराजुलीलाई ‘शुक्रराज शास्त्रीको चश्मा´ देखि `जन्तरमन्तर’  सम्म हामी स्मरण गर्नेछौं l भगवानका साथमा उहाँको बास हुन सकोस् l भावपुर्ण श्रद्धाञ्जली सहित सपरिवारमा समवेदना !",,https://pbs.twimg.com/media/F51BoaAbwAAuAG8?format=jpg&name=medium,93,4,14
2023-09-12T06:16:37.000Z,image,संविधानसभा अध्यक्ष सुवास नेम्वाङको निधनप्रती शोक व्यक्त गर्दै #विपि_साहित्य_महोत्सव को अन्तिम दिनको सम्पुर्ण कार्यक्रम स्थगित !,,https://pbs.twimg.com/media/F5ze9nsXcAAIaUI?format=jpg&name=medium,98,10,4
2023-09-12T00:26:12.000Z,image,"अत्यन्तै सालिन र नम्र नेता सुवास नेम्वाङको निधनले स्तब्ध र दुखित तुल्याएको छ !

संविधानसभाको सभामुखका रुपमा संविधान निर्माणका समयमा उहाँले निभाउनु भएको महत्त्वपूर्ण भुमिका देशले सदैव सम्मानसाथ स्मरण गरिरहने छ l हृदयदेखि भावपुर्ण श्रद्धाञ्जली !",,https://pbs.twimg.com/media/F5yOwccagAANCwD?format=jpg&name=small,442,39,71
2023-09-11T00:20:01.000Z,image,"#विपि_साहित्य_महोत्सव को आज दोस्रो दिन !

डकुमेन्ट्री, `कि नोट स्पीच´,चार `प्यानल डिस्कसन´, Live Art, फोटो प्रदर्शनी र गजल साँझ l",,https://pbs.twimg.com/media/F5tDvbubgAAfocU?format=jpg&name=medium,151,28,9
2023-08-06T12:11:00.000Z,image,"Gig Economy र Climate Action मा 
#POLITICAL_HACKATHON 
स्वदेश र विदेशमा रहेका उत्साही नेपाली युवा 'Creative Idea'  साथ प्रतिस्पर्धामा सहभागि बन्न सक्नुहुनेछ l सन्दर्भ; अन्तर्राष्ट्रिय युवा दिवस l

* कांग्रेस केन्द्रको गत बैठकले तय गरेको कार्यतालिका अनुरुप l (थप विवरण चाँडैनै )",,https://pbs.twimg.com/media/F22NP7Ha8AE4Zzt?format=jpg&name=900x900,95,16,5
2023-08-05T14:14:46.000Z,image,"खेलमाझैँ राजनीतिमा `अब मैदान छोड्ने बेला भयो´ जसले बुझ्छ लाखौं हृदय उसैले जित्छ l त्यो मोड गुमाउनेले यो बुझ्न समय लाग्छ- कि मैले जे गुमाएँ, अमुल्य अवसर गुमाएँ !

नेपाली क्रीकेटका पुर्व कप्तान ज्ञानेन्द्र मल्ललाई हृदयदेखि लाख बधाई l फरक जिम्मेवारी तर्फको सोचलाई लाखौं शुभकामना !",,https://pbs.twimg.com/media/F2xf_NSaIAAIvPm?format=jpg&name=large,300,24,21
2023-08-05T07:16:45.000Z,image,"आन्तरिक बिशेष अभियान, आजबाट प्रारम्भ l

यो अभियान क्रममा एक दर्जनबढी आन्तरिक बिषयहरु सम्पादन गरिनेछन् l",,https://pbs.twimg.com/media/F2wAT9fakAAQDP_?format=jpg&name=medium,171,24,18
2023-07-16T15:06:46.000Z,video,"श्रमिकको न्युनतम ज्याला अभिवृद्धि गर्ने प्रक्रियामा 
सरकार, रोजगारदाता र श्रमिक सहभागिता सहितको त्रीपक्षिय संवाद र सहमति अविलम्ब खोजिनुपर्छ ! 

#संसदमा_श्रमिकको_भावना राख्दै !",,https://pbs.twimg.com/ext_tw_video_thumb/1680594759956529153/pu/img/NFqKMK75hlh4Va1H.jpg,132,25,22
2023-07-16T11:19:44.000Z,text,"रोस्ट्रममा उभिएका मन्त्रीलाई आसन ग्रहण गर्न सभामुखले जब निर्देशन दिनुभयो, तब केही सांसदहरु रोस्ट्रम घेर्न पुग्नुभयो ! सुन्नमा या बुझ्नमा के´मा कमजोरी भयो थाहा भएन, तर आज अचम्मको दृश्य देखियो संसदमा !

संसदलाई सार्थक थलो बनाउन संयम र परिपक्वता साथ गम्भीर विमर्श जरुरी देखियो l",,,409,76,126
2023-07-05T15:20:26.000Z,text,"मिटर ब्याजिहरुलाई कार्वाही गर्न र पीडितलाई न्यायदिन सरकारले ल्याएको अध्यादेश संविधानको धारा ११४ अनुरुप आज ६० दिन कट्नुपुर्व संसदबाट पारित नभएपछि स्वत: निष्क्रिय भएको छ l

एकापसलाई दोष दिएर हामी उम्कौँला तर पीडितलाई जवाफ के दिने ? कि फेरि तिनको आन्दोलनमा पलेटी मार्न जाने ?",,,103,20,27
2023-07-05T15:16:15.000Z,text,"आलोच्य अभिव्यक्तिको आलोचना जरुरी l
तर मिटर ब्याज पीडितहरुलाई न्यायदिन ल्याइएको `केही नेपाल ऎन संशोधन गर्ने विधेयक´ आज संसदबाट पारित नहुँदा निष्क्रिय भएको छ l `विधेयक पारित हुन दिएर मात्र अवरोध गरौं´ भन्ने बुद्दिमत्ता कुनैपनि विपक्षी दलमा देखिएन l

अत्यन्तै दु:खद !!!!",,,132,27,29
2023-07-05T15:09:29.000Z,text,"हलुका अभिव्यक्तिको गम्भीर अर्थ र असर हुनसक्छ भन्ने हेक्का नराख्नु प्रधानमन्त्रीको गल्ती हो l नेपालको प्रम नेपालको संसदले चयन गर्दछ र गर्ने हो l मित्र रास्ट्रहरुलाई मित्रताकै सिमामा राख्ने कर्तव्य मुलत प्रमकै हो !

अत प्रश्न हामीनै उठाइरहेका छौं, प्रतिपक्षको त मुल कर्तव्यनै हो !",,,674,113,158
2023-04-28T15:07:47.000Z,video,"बैशाख १७ गते आइतबार अपरान्ह ५.३० बजे काठमाडौ पुग्दै हुनुन्छ आदरणीय दाइ चन्द्र भण्डारी ! 

केहिदिन अघि उहाँसँग अनलाइन संवाद गरिरहँदा छोरी स्वीकृतिले गरेको यो रेकर्ड चन्द्र दाइको अनुमतिले यहाँ प्रस्तुत छ l यो अडियो-भिडियोले उहाँको स्वास्थ स्थितिबारे सुसूचित हुन सघाउने छ l",,https://pbs.twimg.com/ext_tw_video_thumb/1651966346849304578/pu/img/SoFnYgepcWJi8Xog.jpg,849,86,82
2023-04-26T00:31:32.000Z,text,"उपचुनावमा विजयी मित्रहरूलाई बधाई तथा शुभकामना l

परिणामले हामीलाई रुपान्तरित हुन सन्देश दिएको छ l देशको समय बदल्न नेतृत्व गरेको दलले बदलिएको समय अनुरुप आफुलाई बदल्नुछ l नवीन अभियानमा, नयाँ ढंगले जुट्नेछौं हामी l आदरणीय मतदाताको प्रत्येक मतलाई सम्मान छ l जय नेपाल !",,,827,92,383
2023-04-20T14:18:27.000Z,video,"आँसु आउँदा आमा सम्झन्छन् रे, जसको आमा धर्तीमै हुनुन्छ l आमा सम्झिँदा आँसु आउँछ रे जसको आमा स्वर्गमा हुनुन्छ !

स्वर्गमा रहेकी मेरि ममतामयी आमा अनि बाबालाई असिम श्रद्धाले सम्झिन्दै `आमाको मुख हेर्ने पर्व´ को अवसरमा यो धर्तिका सबै आमालाई सम्मान l अनि शुभकामना सबैलाई मुरिमुरी !",,https://pbs.twimg.com/ext_tw_video_thumb/1649054886607339525/pu/img/WUOsjy-RF9fVDVnQ.jpg,424,64,134
2023-04-17T12:19:33.000Z,video,बैशाख ५ गते अपरान्ह १.०० बजे l दमौलीको अनशन चौतारी l,,https://pbs.twimg.com/ext_tw_video_thumb/1647937790888513536/pu/img/jUqhdNInl9BLh0uX.jpg,220,35,81
2023-04-14T13:32:18.000Z,video,"०८० शुभ रहोस् l मंगल बनोस् !

हामी सपरिवारका तर्फबाट तपाईंको सपरिवारलाई हार्दिक मंगलमय शुभकामना !",,https://pbs.twimg.com/ext_tw_video_thumb/1646868941627850762/pu/img/T1zcqFDP-I9qUnmp.jpg,1K,24,104
2023-04-13T13:51:55.000Z,image,"व्यङ्ग्य र आलोचना गर्ने अधिकार लोकतन्त्रले हरेकलाई दिएको छ l यसलाई कसैले पनि नकारात्मक रूपमा लिनुहुन्न l तथ्यमा आधारित जो हुन्छन् तिनले परिमार्जनलाई सघाउँछन्, जो हुन्नन् ती समयसँगै हराउँछन् !

नवबर्ष शुभकामना दिँदै यस्तो व्यङ्ग्य, आलोचना र प्रश्नलाई सदैब स्वागतको प्रतिबद्धता !",,https://pbs.twimg.com/media/FtmVhIqaQAEhvsK?format=jpg&name=900x900,1.3K,212,362
2023-03-28T06:34:05.000Z,text,"सम्माननिय  लोकतान्त्रिक गणतन्त्रमा विरोध गर्नेको मुख थुन्न या थुनामा राख्न मिल्दैन l प्रहरीले युवाको मुख थुनिरहेको दृश्य दु:खद र आपत्तिजनक थियो !

आफू विरुद्ध नारा लगाएका युवालाई तत्काल रिहा गर्न अविलम्ब पहलको माग गर्दछु l",,,737,165,188
2023-03-27T14:20:50.000Z,video,"राजनैतिक रूपमा सिंगो देशको `मालिक´ बनेका तर आफैंले भोगिरहेको एक टुक्रा माटोको लालपुर्जा नपाइरहेका `सार्वभौम नागरिक´ को हातमा त्यो एकथान पुर्जा हामी कहिलेभित्र पुर्‍याउँछौं ? 

समय निर्धारण र संकल्प जरुरी छ l",,https://pbs.twimg.com/ext_tw_video_thumb/1640358072752414727/pu/img/VkIuziJ2tfD4aaJq.jpg,394,48,49
2023-03-25T08:02:01.000Z,image,"`मिसन माउन्ट एभरेस्ट´ ! काँग्रेसको झण्डा र चुनाव चिन्ह सगरमाथामा फहराइने l

पेमा रिन्जी र ग्याल्जेन शेर्पा काँग्रेस समर्थक दुईयुवा यो मिसनमा प्रस्थान गरेका छन् l राजधानीमा आज एक समारोहबिच दुवै युवालाई `रुख´ र चारतारे झण्डा हस्तान्तरण गरियो l मिसन सफलताका लागि हार्दिक शुभकामना !",,https://pbs.twimg.com/media/FsDPNkaaIAAZjNe?format=jpg&name=medium,327,23,70
2022-12-30T05:02:49.000Z,image,"सानो छँदा स्कुलमा फुटबल खेल्दैगर्दा कसैले जब `दामी´ खेल्थ्यो, उसलाई हामी `क्या… पेले´ ! भन्थ्यौं l राम्रो खेल्नुलाई पेले´ भनिन्छ, भन्ने लाग्थ्यो हामीलाई !

अलि ठूलो भएपछि थाहा पायौं- पेले त जादुयी खेल भएका फुटबल खेलाडी रहेछन् ! उनै महान खेलाडी पेले´प्रती भावपुर्ण श्रद्धाञ्जलि !",,https://pbs.twimg.com/media/FlM3EhoaUAA9Z6L?format=jpg&name=small,409,12,20
2022-12-26T04:08:51.000Z,image,"भएको के हो सबैलाई थाहै छ l त्यसैले आलोचना र आत्मालोचनाको चरण हुन्छ l साँझ परेको छ,रात छिप्पिने छ l जिम्मेवार प्रतिपक्षका रूपमा हामी देशव्यापी मुभमा हुनेछौं l नयाँ बिहानी हुनेछ lतर त्यो आफै आउनेछैन, हामी ल्याउनेछौं l त्यसका लागि उत्साह, एकता, रुपान्तरणको दृढता राख्नोस्, जय नेपाल !",,https://pbs.twimg.com/media/Fk4EW-uaAAA28j-?format=jpg&name=small,692,54,45
2022-12-26T04:04:59.000Z,text,"देशभरबाट साथीहरूले शोधिरहनु भएको छ-
कसरी यस्तो भयो ? अब के हुन्छ ?

मैले केवल यत्ति भनें- … Don´t Worry …",,,1.7K,137,209
2022-12-25T08:21:05.000Z,text,"हठ, हतारो र आवेगमा कुनै निर्णय नगरौं !

आलोचना बीच गठबन्धन गर्ने, तर अपेक्षाको बिचमा जोगाउन नसक्ने अवस्था आउन दिनुहुन्न l समयले अभिभावकत्व खोजेको छ l यो पनि र त्यो पनि भनिरहँदा, न यो न त्यो हुने अवस्थामा पुग्नु हुन्न l

विकल्पहरुको विकल्पमा जुट्नुको विकल्प छैन !",,,1.2K,118,128
2022-12-25T04:45:35.000Z,text,"१) गठबन्धन टुट्नु हुन्न
२) `रास्वपा´ गाँसेर जानु तर्कपुर्ण
३) संसद ५ बर्ष टिकाउन साझा अपनत्व
४) लचकता, सहकार्य र विश्वासको त्रीवेणी मन्त्र
५) रुपान्तरण अनुभुती हुने सुशासनको सूत्रबद्ध योजना
६) सत्तामा अनुभवी र नयाँको संयोजन
७) राज्यको डेलिभरी क्षमता वृद्धिमा टिम स्पीरिट",,,267,22,38
2022-12-25T04:35:18.000Z,image,"`एक्लो बहुमत´ हामी कसैसँग छैन l गठबन्धन गरेर पनि सामान्य बहुमत नपाएको स्थिति छ l त्यसैले लचकता, सहकार्य र विश्वासको त्रीवेणी मन्त्र आत्मसात गरौं !

२/२/१ मा परिपक्वता छ l तर इमानदार कार्यान्वयनका लागि पारदर्शी एकता उत्तिकै जरुरी छ l",,https://pbs.twimg.com/media/FkzA0mcaAAIZdyZ?format=jpg&name=240x240,537,75,119
2022-12-23T18:05:02.000Z,image,"मंसिर ४ को निर्वाचन र विश्वकप फुटबल बीच केहि छायाँमा परेको जस्तो भएपनी मौका मिल्दासम्म हेरियो…
`Voice of Nepal Season 4´

फाइनल विजेता करण राई र कोच राजु लामालाई बिशेष बधाई l सुयोग्य प्रतिस्पर्धी र सुयोग्य कोचहरु, आयोजक र सबै संगीतप्रेमिमा सम्मान सहित, हार्दिक बधाई ! जय होस् !",,https://pbs.twimg.com/media/Fkrm-nJaYAAba5b?format=jpg&name=small,390,10,14
2022-12-22T16:26:10.000Z,video,"प्रयत्न गर्छौं…, गरिरहन्छौं !",,https://pbs.twimg.com/ext_tw_video_thumb/1605962876526944256/pu/img/LEhfB4QTTR82IqfJ.jpg,508,33,16
2022-12-22T11:06:41.000Z,image,संसदमा सपथ ग्रहण l सुन्दरिजलमा श्रद्धा अर्पण l,,"https://pbs.twimg.com/media/Fkk9n2RaEAAdqi0?format=jpg&name=900x900,https://pbs.twimg.com/media/Fkk9oQYaEAEdRjb?format=jpg&name=900x900",695,37,59
2022-12-21T17:31:22.000Z,text,"पराजय भएको छ, तर भिन्न प्रारम्भ भएको छ !",,,427,24,22
2022-12-21T04:03:16.000Z,image,"संसदीय दलमा मतदानपछि … !

आज पुस ६ गते, मेरो जन्मदिन, मेरा लागि बिशेष दिन l सांसदका रूपमा पहिलो कर्म, मीठो संयोग l",,https://pbs.twimg.com/media/FkeTIOnaEAEBRGT?format=jpg&name=medium,3K,163,572
2022-12-20T18:03:02.000Z,image,#उत्साह_एकता_रुपान्तरण,,https://pbs.twimg.com/media/FkcJv_IaEAAlqCs?format=jpg&name=medium,1.1K,71,72
2022-12-20T07:27:34.000Z,text,"`पदबाहक´ धेरै हुनुन्छ, `अभिभावक´ चाहिएको छ !

आशा राखौं उम्मेदवारी दर्ताको क्षणसम्म पुग्दा सभापति शेरबहादुर देउवाले पनि डा शेखर कोइरालाले झैं वैकल्पिक कुनै नेतृत्वको नाम प्रस्तावित गर्नुहुनेछ l स्वस्थ लोकतान्त्रिक अभ्यासपछि हामी एकढिक्का उभिएर अघि बढ्नेछौं !",,,1.4K,169,105
2022-12-18T18:48:35.000Z,image,बधाई मेसि ! बधाई अर्जेन्टिना !,,https://pbs.twimg.com/media/FkSA_RjakAEztwc?format=jpg&name=medium,1.2K,30,48
2022-09-18T03:51:36.000Z,image,"पुरानो तस्बिर ; सम्झना र प्रेरणा !
(सर्वोच्च नेता गणेशमान सिंह,पार्टीका तत्कालीन महामन्त्री गिरिजाप्रसाद कोइराला, नेविसंघका तत्कालीन महामन्त्री नविन्द्रराज जोशी अनि कार्यक्रममा सभापतित्व गर्दै विश्वप्रकाश )

आज असोज २, सर्वोच्च नेताको स्मृति दिवस l सम्झना, श्रद्धा, श्रद्धाञ्जली !",,https://pbs.twimg.com/media/Fc6LArcacAEEgEA?format=jpg&name=medium,320,33,37
2022-09-16T16:05:14.000Z,image,"बधाई टिम नेपाल ! बधाई कुशल खेलाडीहरु !
बधाई व्यवस्थापन टिम ! बधाई सबैलाई !

महिला साफ च्याम्पियनसिप फुटबलको सेमिफाइनलमा आज साविक विजेता भारतलाई परास्त गर्दै ऎतिहासिक विजय हासिल गर्न सफल नेपाली महिला टिमलाई मुरिमुरी बधाई l अब फाइनलमा विजयको शुभकामना l
( #तस्वीर_अनलाइनहरु)",,"https://pbs.twimg.com/media/FcyfvR0aMAItW18?format=jpg&name=small,https://pbs.twimg.com/media/FcyfvezaAAMrami?format=jpg&name=small,https://pbs.twimg.com/media/FcyfvtLaUAEEA7e?format=jpg&name=small,https://pbs.twimg.com/media/Fcyfv-gaEAAOQGO?format=jpg&name=small",219,28,8
2022-09-10T12:36:19.000Z,text,"_क्षमा याचना सहित_

आकस्मिक अस्वस्थताका कारण परिक्षण पश्चात् औषधि लिँदै डाक्टरको सल्लाहमा रेस्टमा छु l केहिदिनमा सानो अप्रेसन छ l अप्रेसन पस्चात् छोटो अवधी रेस्ट गरेर काममा फर्किने छु l

तबसम्म भेट + फोनमा उपलब्ध हुन नसकेकोमा सबै आदरणीय मित्रसँग नम्रतापुर्वक क्षमा चाहन्छु l",,,533,52,241
2022-09-09T08:38:00.000Z,image,"५ बर्षमा जे गर्न सकिन्छ,त्यो सोचौं,त्यही लेखौं, अनि एक भएर त्यो पूरा गरौं l तर समग्रमा नेपालको १५ बर्षको सपना कोरौं !
(आज भदौ २४ वीपीप्रती श्रद्धा सुमन)

रुद्राक्षको वृक्ष यति अग्लो भइसकेछ l महामन्त्री पदको उम्मेदवारी घोषणा गरेर पोहोर आजकै दिन सुन्दरिजलमा मैले जो रोपेको थिएँ !",,https://pbs.twimg.com/media/FcM2Qh6agAEFdR4?format=jpg&name=medium,478,36,53
2022-09-03T12:39:55.000Z,video,झापा जिल्लाका प्रथम सहिद (०१९ सालमा सहादत प्राप्त ) विश्वनाथ घिमिरेको सालिक एक भब्य समारोहका बीच अनावरण !,,https://pbs.twimg.com/ext_tw_video_thumb/1566043250670313472/pu/img/DDsIS42mLCXG3IYj.jpg,544,38,64
2022-08-15T10:56:27.000Z,image,"नेपाली काँग्रेसको नीति, अनुसन्धान तथा प्रशिक्षण प्रतिस्ठानद्वारा आयोजित दुईदिने अभिमुखीकरण कार्यक्रमको पहिलो दिनको सत्र निरन्तर जारी छ !

स्थानीय तहमा निर्वाचित नेतृत्वका लागि बिषय बिज्ञहरु र पार्टी नेतृत्व तहबाट सहजीकरण भइ रहेको कार्यक्रम मंगलबार साँझ समापन हुनेछ l",,"https://pbs.twimg.com/media/FaMmKoqaIAAe6Cr?format=jpg&name=small,https://pbs.twimg.com/media/FaMmLPCaIAAW8P5?format=jpg&name=small,https://pbs.twimg.com/media/FaMmLy0akAAbx1L?format=jpg&name=small,https://pbs.twimg.com/media/FaMmMtcakAAk-UV?format=jpg&name=small",256,30,22
2022-08-12T15:03:00.000Z,video,"कर्म, उपासना र ज्ञानको योग !

जनैपुर्णिमा, रक्षा बन्धन, ऋषितर्पणि, गाइजात्रा,
संस्कृत दिवस अनि क्वाटी खाने पर्व l आजको बिशेष दिनले आफुमा अलग उर्जा अनि परिवारको पछिल्लो पुस्तामा धर्म र संस्कारको असिम चेत अभिवृद्धि गर्न बल पुर्‍याएको छ l शुभकामना सबैमा l",,https://pbs.twimg.com/ext_tw_video_thumb/1558106703262253057/pu/img/oMGyH-U4lR2pq6az.jpg,530,29,29
2022-07-30T03:13:06.000Z,text,"हामी पहिला गल्ती गर्छौं, पछि आत्मालोचना, अनि फेरि गल्ती दोहोर्याउँछौं ! नेपालको समुन्नतिका लागि यो परम्परागत बेथिति हरेक क्षेत्रमा अन्त्य गर्न अनिवार्य छ l भु-राजनैतिक संवेदनशीलता दृस्टिगत गरेर परराष्ट्र सम्बन्धमा त झनै अनिवार्य छ l",,,175,13,7
2022-07-30T03:11:00.000Z,text,"`एसपीपीमा सहभागी नहुने´ पत्र सरकारले अमेरिकालाई पठाएपछी यो `च्याप्टर क्लोज´ त भयो तर भविस्यमा यस्तो द्वन्द्वमा नेपाल कहिल्यै नपर्न आग्रहमुक्त र परिपक्व दृष्टि निर्माण एवं परिपालनामा हामी सबै गम्भीर बनौं l

परराष्ट्र सम्बन्धमा `ब्यक्ति´ र `दल´ होइन `देश´ लाई केन्द्रमा राखेर बढौं l",,,633,73,63
2022-07-29T15:51:16.000Z,text,"एकदिन नातिले बाजेसँग शोध्नेछ-

बाजे बाघ भनेको कस्तो हुन्छ
मान्छेजस्तो कि, मान्छेभन्दा भयानक  ?
असमञ्जसमा बूढो कपाल कन्याउँदै
बाजेले भन्नेछन्-
पहिले बाघ मान्छेभन्दा भयानक हुन्थ्यो
अहिले मान्छे बाघभन्दा भयानक भएको छ
त्यसैले तिमी छौ/म छु 
बाघहरु छैनन् !

(कवि तिर्थ श्रेष्ठको रचना)",,,334,38,16
2022-07-28T03:58:16.000Z,image,"केही समयदेखि स्वास्थ जटिलता सामना गरिरहनु भएका नेपाली काँग्रेसका नेता आदरणीय अग्रज प्रदीप गिरी यतिबेला ललितपुरको मेडिसिटी अस्पतालमा उपचाररत हुनुन्छ !

उहाँको सिघ्र स्वास्थ्यलाभको कामना गर्दछु !",,https://pbs.twimg.com/media/FYuZ3pvaAAAiTwE?format=jpg&name=small,634,55,93
2022-07-25T16:00:37.000Z,video,हामीले जित्न बाँकी छ !,,https://pbs.twimg.com/ext_tw_video_thumb/1551598253850120192/pu/img/yLRXELTYxsG-3nii.jpg,591,95,131
2022-07-23T15:44:38.000Z,text,"`प्राइमरी इलेक्सन´ का पक्षमा सिमोन ढुंगाना, डा. सुदीप श्रेष्ठ र गोविन्द नारायणको तर्क पढौं !

कतिपय विमति हुनसक्छन् तर अन्ततः उम्मेदवार चयन प्रक्रियालाई पारदर्शी, बढी लोकतान्त्रिक र लोकप्रिय बनाउन ढिलोचाँडो हामीले यो बाटो हिँड्नै पर्दछ l",,,188,36,14
2022-07-22T13:02:52.000Z,video,"वीपी कोइरालाले नेपाल देशका लागि देख्नुभएको सपनासँग, आजका नेपाली युवाको सपना
एकाकार गरेर अबको नेपालको नवीन सपना हामीले कोर्नुछ !

आज वीपी पुण्य तिथि l सम्झना, श्रद्धा र उहाँप्रती भावपुर्ण श्रद्धाञ्जलि !",,https://pbs.twimg.com/ext_tw_video_thumb/1550466364510728192/pu/img/BK1ijaXMgprX0lo4.jpg,345,42,41
2022-07-17T23:57:13.000Z,video,"मतदातामा नाम दर्ता गराउन अब केहिदिन मात्र बाँकी छ l मतदाता बन्ने, प्रश्न गर्ने, जवाफ खोज्ने, रोजेको दल या उम्मेदवारलाई मत दिने अधिकार हामीलाई लोकतान्त्रिक संविधानले दिएको छ l

अत तोकिएको स्थानमा गएर आफ्नो नाम अविलम्ब दर्ता गरौं ! संविधानले दिएको आफ्नो अधिकार खुलेर प्रयोग गरौं !",,https://pbs.twimg.com/ext_tw_video_thumb/1548819080848998400/pu/img/r-AxKQ3lnSJ60ObT.jpg,251,51,11
2022-07-11T05:25:14.000Z,text,"ओलिको पालामा जो गलत, देउवाको पालामा पनि गलत, यसमा सतप्रतिशत प्रष्ट छौं हामी !

संवैधानिक परिषद् सम्बन्धि विधेयक अविलम्ब फिर्ता त हुनुपर्छ नै, तर यस्तो भयो कसरी ? हुन्छ कसरी ? गर्छ कसले ? सल्लाह दिन्छ कसले ? यो दु:खद छ l प्रधानमन्त्री  को गम्भीर जवाफदेहीता जरुरी छ l",,,1.4K,301,174
2022-07-03T19:42:34.000Z,image,"गैह्र आवासीय नेपाली संघ अमेरिका (NRNA NCC USA) को ११औं साधारण सभा तथा दुई दिने `ज्ञान सम्मेलन´ मा सहभागी हुँदै !

3 July नर्थ क्यारोलिना l",,"https://pbs.twimg.com/media/FWxCQHbXkAADJQO?format=jpg&name=small,https://pbs.twimg.com/media/FWxCQREWIAEf88O?format=jpg&name=small,https://pbs.twimg.com/media/FWxCQYJXkAALT2k?format=jpg&name=900x900,https://pbs.twimg.com/media/FWxCQgfXgAAHZlx?format=jpg&name=small",286,18,40
2022-06-30T16:11:22.000Z,video,"सजग बनौं, आफू जोगिउँ, अरुलाई जोगाऔं !",,https://pbs.twimg.com/ext_tw_video_thumb/1542541269985275904/pu/img/98OmlB1PNPumJGAL.jpg,156,29,7
2022-06-29T12:27:22.000Z,video,"मेची-महाकाली रेल संभव छ l
रोक्का गरिएका जग्गाको मुआब्जा दिउँ, काम शुरु गरौं l

जो सकिन्छ , त्यो शुरु गरौं l जो सकिंदैन, सकिन्न भनौं ! यता पनि हुन्छ, उता पनि हुन्छ भन्ने तर कतै पनि नहुने अनिश्चितता अन्त्य गरौं !",,https://pbs.twimg.com/ext_tw_video_thumb/1542122488481857537/pu/img/09vBQrWTR75SaOxJ.jpg,111,20,11
2022-06-29T10:09:41.000Z,text,"केरुङ-काठमाडौं भन्दा मेची-काली रेल `भायबल´ छ l यतापनि बनाउने उतापनि बनाउने कुरा गरेर कतै नबन्ने अनिश्चितता अन्त्य गरौं l मेची-काली रुटमा रोक्का जग्गाको मुआब्जा दिन शुरु गरौं, यसमै केन्द्रित हौं !

सक्नेमा लागौं, नसक्नेलाई सकिन्न स्विकारौं l रेललाई फायलमा होइन फिल्डमा संभव बनाऔं l",,,599,77,85
2022-06-29T02:24:38.000Z,image,"असार १५ को शुभकामना !

( तस्वीर हिमाल खबर )",,https://pbs.twimg.com/media/FWYuVbLaUAAoVnm?format=jpg&name=900x900,517,31,51
2022-06-15T11:59:28.000Z,text,"अमेरिकालाई प्रष्ट भन्नुपर्छ - No, Thanks… 
एसपिपी हामीलाई स्विकार्य छैन !

काँग्रेसको धारणा यहि बन्नेछ र काँग्रेस नेतृत्वको सरकारले यहि धारणा प्रतिनिधित्व गर्नेछ l हामी साझा ढंगले प्रष्ट छौं- समुन्नतिमा सबैको साथ स्वीकार्य, सामरिक सहकार्यको रणनीतिक प्रस्ताव
सदैव अस्वीकार्य !",,,764,139,139
2022-06-01T16:58:21.000Z,text,"मधेसी समुदायको युवा नेवा भूगोल काठमाडौको अनि नेवार समुदायको युवा मधेस प्रदेश बिरगंजको, मेयर बन्नुको अर्थ …

अवहेलनाका `ती दिनहरू´ जनताले खारेज गरिदिएका छन् l जित-हार भन्दा पर सामाजिक एकता र लोकतन्त्रको सुदुर भविस्यका लागि यो सुखद संकेत र सुखद संदेश हो l",,,330,37,20
